User1,User2
1,508
10,508
14,508
15,508
16,508
41,508
43,508
44,508
782,667
476,281
147,488
695,671
682,429
908,75
246,237
296,225
888,49
874,622
176,853
690,110
336,486
646,160
342,473
110,471
49,136
696,190
672,702
445,523
612,854
595,950
814,183
88,822
375,293
925,847
332,956
584,328
938,200
438,878
205,69
868,38
664,43
983,841
895,247
37,372
421,950
75,905
606,869
294,48
745,971
36,110
66,699
237,239
959,631
684,97
884,203
501,39
783,316
120,278
716,39
493,969
205,22
793,763
824,673
240,597
290,612
428,624
198,122
33,85
188,746
312,528
363,113
944,454
901,596
72,171
478,989
845,672
143,983
145,650
640,658
776,115
838,561
563,425
719,721
479,37
769,787
949,619
267,551
478,975
211,320
911,20
800,189
316,604
918,154
70,454
629,957
247,191
859,381
454,498
213,960
212,136
828,466
209,497
497,270
347,169
442,985
529,576
495,459
354,471
202,405
715,339
218,25
301,863
701,689
554,686
124,169
274,422
544,716
478,177
783,217
518,15
971,27
751,773
346,489
425,504
493,141
752,480
636,534
199,394
852,37
684,712
6,616
456,397
727,183
241,700
661,909
733,3
749,230
958,845
305,573
673,453
54,41
207,418
146,550
375,843
442,684
450,367
429,667
316,766
746,220
813,587
710,189
189,32
174,704
901,894
22,20
704,969
792,124
57,788
77,853
896,842
898,708
233,297
356,931
976,663
72,512
249,155
154,775
128,583
675,363
298,915
544,973
166,128
931,631
10,859
329,92
940,566
367,703
572,80
758,726
884,615
634,409
925,392
44,718
405,886
565,812
246,644
421,524
138,233
436,871
504,862
566,659
630,337
102,455
352,131
132,567
714,109
471,776
36,392
416,655
358,12
289,857
427,370
395,104
414,597
727,667
976,284
600,92
443,423
519,388
71,177
524,15
659,340
150,838
960,745
304,596
751,358
1,274
329,388
908,71
205,708
666,649
437,629
673,831
867,506
152,388
53,762
619,911
147,440
526,329
334,946
732,454
647,594
155,160
698,955
849,735
933,55
97,731
637,391
556,448
80,661
654,878
289,121
758,565
56,706
272,567
12,927
232,230
749,53
374,372
377,134
932,543
949,965
478,586
255,69
98,335
263,508
208,265
120,455
456,986
351,846
433,371
629,856
956,539
976,324
846,450
697,539
564,189
787,588
920,22
377,364
761,844
321,329
198,155
817,676
191,720
941,34
165,643
945,344
54,455
28,486
76,14
506,203
59,961
492,528
333,473
696,868
136,241
724,963
664,644
249,74
175,556
357,492
634,273
866,954
973,439
558,359
764,881
593,102
344,562
222,202
521,225
135,288
267,963
323,636
335,550
553,871
477,488
426,847
988,297
184,981
12,448
175,928
999,61
91,598
198,16
870,413
233,725
775,714
379,374
970,490
991,151
920,135
279,278
776,240
975,858
663,358
211,106
663,602
891,444
414,735
409,747
651,715
512,474
926,607
242,423
682,207
655,899
175,411
183,818
540,714
982,789
856,687
997,330
654,428
773,382
658,882
389,903
675,674
322,715
185,278
176,142
532,91
568,341
240,908
317,458
102,489
961,505
249,564
665,15
635,114
781,826
675,550
974,108
995,93
758,149
538,716
410,281
464,888
390,631
739,926
27,144
765,987
177,567
532,931
535,154
187,98
431,70
308,817
957,322
20,644
599,187
407,422
665,190
742,304
648,459
792,795
402,861
442,602
626,445
252,635
601,469
785,235
897,728
441,235
132,837
868,323
724,475
132,62
316,940
323,304
845,491
876,754
488,90
474,317
764,55
132,885
842,982
693,641
799,579
999,24
67,79
229,70
841,196
707,15
547,505
143,481
764,696
18,971
522,339
808,292
266,33
402,133
928,710
442,354
608,193
45,422
817,893
901,31
626,383
569,545
746,570
713,969
965,353
192,855
250,629
515,623
319,437
376,731
753,647
445,663
518,381
607,979
442,77
701,910
72,171
827,954
253,182
514,280
976,188
222,741
783,919
425,979
551,331
18,919
395,588
231,282
513,557
694,13
977,663
752,760
98,552
669,260
373,600
987,466
925,575
631,460
169,924
330,681
573,788
992,347
184,252
317,831
180,700
471,662
284,293
58,355
814,34
478,840
677,801
904,379
485,110
885,451
946,5
382,541
908,423
872,868
173,727
75,989
877,434
756,190
13,385
941,762
319,90
378,274
793,819
771,428
590,93
53,707
47,108
359,403
400,443
693,745
470,685
718,18
561,909
97,60
148,917
60,602
994,960
211,856
807,225
918,425
611,63
215,354
305,915
670,689
465,741
128,521
22,283
473,846
821,96
649,207
454,493
791,621
232,898
593,279
182,93
701,761
52,36
117,456
571,458
979,183
351,415
1,669
484,892
38,498
873,467
51,511
167,141
768,20
764,676
915,294
70,848
646,26
405,185
338,786
247,338
180,258
685,852
108,433
54,969
384,773
661,38
59,558
416,876
661,757
25,842
994,852
376,945
846,866
974,420
366,688
132,414
919,629
317,340
243,221
101,670
475,958
540,514
699,245
275,983
802,181
1,599
72,266
4,161
424,640
391,780
145,713
11,834
555,435
52,963
5,536
98,228
62,351
822,393
370,471
416,335
547,534
71,532
991,751
413,886
398,81
407,556
353,320
148,87
4,320
672,997
477,601
46,79
507,549
884,670
318,872
319,26
609,467
961,371
319,951
613,198
101,936
218,383
700,719
115,971
151,4
927,461
284,960
969,12
342,96
286,909
593,319
27,21
506,159
173,958
616,977
193,499
217,489
167,785
343,55
96,729
1,342
449,623
523,107
966,479
907,327
946,414
977,200
471,925
94,308
378,667
70,389
332,89
104,118
223,919
261,378
269,287
203,792
20,54
34,385
287,786
597,747
373,640
470,67
148,410
147,993
713,280
111,505
283,890
475,847
715,186
237,482
121,719
471,984
542,749
862,52
908,159
626,684
461,45
845,854
177,715
428,721
727,865
107,302
539,64
707,20
524,74
776,703
70,217
507,768
759,819
282,441
684,942
447,970
916,512
735,415
15,377
538,867
773,860
779,63
821,206
597,138
145,306
675,870
470,672
349,745
384,145
221,768
989,386
45,250
842,734
175,784
708,502
825,269
743,521
66,667
245,379
754,892
395,687
849,211
325,501
506,464
719,951
163,721
949,831
253,76
515,642
598,367
221,66
421,429
731,804
714,341
943,842
333,499
733,800
257,175
195,95
787,380
955,653
344,943
106,865
948,611
824,693
685,356
992,956
363,737
964,328
433,885
216,405
669,545
579,634
65,745
15,167
217,601
198,280
102,106
872,137
927,290
723,67
273,784
199,370
499,129
949,241
196,870
204,772
406,101
966,502
538,928
10,850
823,268
535,237
682,855
871,865
686,214
18,1
157,128
489,286
269,729
564,274
248,867
482,371
294,26
96,19
804,140
771,232
578,746
957,484
748,444
863,594
739,822
442,483
130,733
977,679
749,13
913,801
443,897
489,657
100,220
924,850
867,794
470,677
951,474
240,576
218,934
92,718
329,830
122,719
407,783
326,751
815,312
64,861
415,626
262,500
83,401
177,141
276,411
797,506
862,594
703,341
854,619
438,939
175,530
660,532
185,824
720,726
627,387
17,117
812,529
293,198
820,705
449,581
356,260
772,898
93,599
743,506
999,850
180,368
545,430
472,501
374,801
903,854
532,715
761,725
238,603
983,535
861,904
382,357
598,188
614,320
575,765
122,139
691,249
67,19
399,155
630,330
91,567
101,46
946,258
548,574
436,73
783,624
613,306
858,243
938,752
963,996
911,241
316,523
48,502
665,173
130,500
32,755
750,656
522,294
423,303
632,948
237,101
380,947
116,968
620,114
332,205
640,651
13,955
507,53
708,168
955,855
317,735
569,891
525,199
309,747
162,741
731,781
347,689
503,874
555,912
207,875
815,59
147,885
317,326
289,795
747,490
918,892
449,782
979,283
477,208
102,600
474,13
308,165
947,647
234,907
16,511
774,266
657,513
94,389
827,123
553,325
203,264
534,317
903,67
710,809
910,761
369,104
959,738
249,110
800,706
988,37
328,849
390,655
372,580
384,25
630,851
745,46
536,274
219,799
636,967
554,733
522,853
56,911
692,844
795,538
452,7
848,682
980,739
215,510
11,756
850,758
974,403
297,354
542,253
605,661
369,858
733,697
712,346
887,460
930,479
555,757
796,474
346,495
471,10
237,401
977,852
95,609
914,679
409,531
208,468
243,772
145,676
296,313
919,286
440,784
396,514
642,651
105,892
793,214
66,241
693,586
479,146
764,287
442,350
336,731
498,896
414,558
568,572
481,343
602,254
104,243
323,627
768,217
639,542
167,152
7,281
629,56
910,382
785,459
610,181
355,125
331,720
909,410
384,243
858,606
307,168
600,5
426,253
808,406
180,492
312,501
786,638
692,859
792,684
887,486
972,744
660,356
816,426
810,12
669,381
